Tanggal,Hari,Nama Produk,Harga Satuan,Jumlah Terjual,Stok Produk
1/08/2021,Minggu,Bolen Coklat,23000,38,130
2/08/2021,Senin,Bolen Banana,23000,80,125
3/08/2021,Selasa,Bolen Proltape,23000,45,89
4/08/2021,Rabu,Bolen Coklat Keju,12000,149,150
5/08/2021,Kamis,Bolen Cokju (Mini),12000,118,118
6/08/2021,Jumat,Bolen Keju (Mini),12000,33,33
7/08/2021,Sabtu,Bolen Pisang Coklat,23000,139,261
8/08/2021,Minggu,Bolen Coklat,23000,60,105
9/08/2021,Senin,Bolen Banana,23000,149,257
10/08/2021,Selasa,Bolen Proltape,23000,81,82
11/08/2021,Rabu,Bolen Coklat Keju,12000,50,144
12/08/2021,Kamis,Bolen Cokju (Mini),12000,81,81
13/08/2021,Jumat,Bolen Keju (Mini),12000,96,96
14/08/2021,Sabtu,Bolen Pisang Coklat,23000,107,107
15/08/2021,Minggu,Bolen Coklat,23000,98,154
16/08/2021,Senin,Bolen Banana,23000,127,226
17/08/2021,Selasa,Bolen Proltape,23000,30,161
18/08/2021,Rabu,Bolen Coklat Keju,12000,102,243
19/08/2021,Kamis,Bolen Cokju (Mini),12000,27,27
20/08/2021,Jumat,Bolen Keju (Mini),12000,68,74
21/08/2021,Sabtu,Bolen Pisang Coklat,23000,69,94
22/08/2021,Minggu,Bolen Coklat,23000,81,178
23/08/2021,Senin,Bolen Banana,23000,51,128
24/08/2021,Selasa,Bolen Proltape,23000,78,216
25/08/2021,Rabu,Bolen Coklat Keju,12000,28,100
26/08/2021,Kamis,Bolen Cokju (Mini),12000,146,157
27/08/2021,Jumat,Bolen Keju (Mini),12000,128,260
28/08/2021,Sabtu,Bolen Pisang Coklat,23000,66,215
29/08/2021,Minggu,Bolen Coklat,23000,24,24
30/08/2021,Senin,Bolen Banana,23000,18,44
31/08/2021,Selasa,Bolen Proltape,23000,78,78
1/09/2021,Rabu,Bolen Coklat Keju,12000,90,90
2/09/2021,Kamis,Bolen Cokju (Mini),12000,137,270
3/09/2021,Jumat,Bolen Keju (Mini),12000,127,127
4/09/2021,Sabtu,Bolen Pisang Coklat,23000,45,45
5/09/2021,Minggu,Bolen Coklat,23000,147,147
6/09/2021,Senin,Bolen Banana,23000,119,145
7/09/2021,Selasa,Bolen Proltape,23000,102,102
8/09/2021,Rabu,Bolen Coklat Keju,12000,45,107
9/09/2021,Kamis,Bolen Cokju (Mini),12000,22,32
10/09/2021,Jumat,Bolen Keju (Mini),12000,50,78
11/09/2021,Sabtu,Bolen Pisang Coklat,23000,26,153
12/09/2021,Minggu,Bolen Coklat,23000,129,250
13/09/2021,Senin,Bolen Banana,23000,12,77
14/09/2021,Selasa,Bolen Proltape,23000,147,197
15/09/2021,Rabu,Bolen Coklat Keju,12000,97,97
16/09/2021,Kamis,Bolen Cokju (Mini),12000,121,121
17/09/2021,Jumat,Bolen Keju (Mini),12000,10,57
18/09/2021,Sabtu,Bolen Pisang Coklat,23000,77,126
19/09/2021,Minggu,Bolen Coklat,23000,55,119
20/09/2021,Senin,Bolen Banana,23000,86,119
21/09/2021,Selasa,Bolen Proltape,23000,60,60
22/09/2021,Rabu,Bolen Coklat Keju,12000,51,201
23/09/2021,Kamis,Bolen Cokju (Mini),12000,145,184
24/09/2021,Jumat,Bolen Keju (Mini),12000,92,157
25/09/2021,Sabtu,Bolen Pisang Coklat,23000,102,122
26/09/2021,Minggu,Bolen Coklat,23000,71,71
27/09/2021,Senin,Bolen Banana,23000,30,30
28/09/2021,Selasa,Bolen Proltape,23000,134,183
29/09/2021,Rabu,Bolen Coklat Keju,12000,146,155
30/09/2021,Kamis,Bolen Cokju (Mini),12000,131,142
1/10/2021,Jumat,Bolen Keju (Mini),12000,77,205
2/10/2021,Sabtu,Bolen Pisang Coklat,23000,118,153
3/10/2021,Minggu,Bolen Coklat,23000,61,87
4/10/2021,Senin,Bolen Banana,23000,105,222
5/10/2021,Selasa,Bolen Proltape,23000,125,125
6/10/2021,Rabu,Bolen Coklat Keju,12000,67,67
7/10/2021,Kamis,Bolen Cokju (Mini),12000,15,95
8/10/2021,Jumat,Bolen Keju (Mini),12000,66,66
9/10/2021,Sabtu,Bolen Pisang Coklat,23000,25,25
10/10/2021,Minggu,Bolen Coklat,23000,18,23
11/10/2021,Senin,Bolen Banana,23000,141,141
12/10/2021,Selasa,Bolen Proltape,23000,134,134
13/10/2021,Rabu,Bolen Coklat Keju,12000,43,80
14/10/2021,Kamis,Bolen Cokju (Mini),12000,131,131
15/10/2021,Jumat,Bolen Keju (Mini),12000,131,144
16/10/2021,Sabtu,Bolen Pisang Coklat,23000,34,34
17/10/2021,Minggu,Bolen Coklat,23000,120,223
18/10/2021,Senin,Bolen Banana,23000,129,133
19/10/2021,Selasa,Bolen Proltape,23000,35,35
20/10/2021,Rabu,Bolen Coklat Keju,12000,96,103
21/10/2021,Kamis,Bolen Cokju (Mini),12000,73,73
22/10/2021,Jumat,Bolen Keju (Mini),12000,147,252
23/10/2021,Sabtu,Bolen Pisang Coklat,23000,56,56
24/10/2021,Minggu,Bolen Coklat,23000,73,78
25/10/2021,Senin,Bolen Banana,23000,123,159
26/10/2021,Selasa,Bolen Proltape,23000,35,35
27/10/2021,Rabu,Bolen Coklat Keju,12000,148,154
28/10/2021,Kamis,Bolen Cokju (Mini),12000,70,70
29/10/2021,Jumat,Bolen Keju (Mini),12000,134,236
30/10/2021,Sabtu,Bolen Pisang Coklat,23000,25,25
31/10/2021,Minggu,Bolen Coklat,23000,10,27
1/11/2021,Senin,Bolen Banana,23000,126,126
2/11/2021,Selasa,Bolen Proltape,23000,134,134
3/11/2021,Rabu,Bolen Coklat Keju,12000,85,85
4/11/2021,Kamis,Bolen Cokju (Mini),12000,24,144
5/11/2021,Jumat,Bolen Keju (Mini),12000,25,29
6/11/2021,Sabtu,Bolen Pisang Coklat,23000,22,137
7/11/2021,Minggu,Bolen Coklat,23000,145,145
8/11/2021,Senin,Bolen Banana,23000,140,140
9/11/2021,Selasa,Bolen Proltape,23000,57,57
10/11/2021,Rabu,Bolen Coklat Keju,12000,27,108
11/11/2021,Kamis,Bolen Cokju (Mini),12000,113,113
12/11/2021,Jumat,Bolen Keju (Mini),12000,73,129
13/11/2021,Sabtu,Bolen Pisang Coklat,23000,30,155
14/11/2021,Minggu,Bolen Coklat,23000,143,143
15/11/2021,Senin,Bolen Banana,23000,76,76
16/11/2021,Selasa,Bolen Proltape,23000,90,90
17/11/2021,Rabu,Bolen Coklat Keju,12000,111,111
18/11/2021,Kamis,Bolen Cokju (Mini),12000,86,233
19/11/2021,Jumat,Bolen Keju (Mini),12000,28,28
20/11/2021,Sabtu,Bolen Pisang Coklat,23000,35,35
21/11/2021,Minggu,Bolen Coklat,23000,64,131
22/11/2021,Senin,Bolen Banana,23000,99,115
23/11/2021,Selasa,Bolen Proltape,23000,104,104
24/11/2021,Rabu,Bolen Coklat Keju,12000,122,168
25/11/2021,Kamis,Bolen Cokju (Mini),12000,87,221
26/11/2021,Jumat,Bolen Keju (Mini),12000,145,145
27/11/2021,Sabtu,Bolen Pisang Coklat,23000,86,93
28/11/2021,Minggu,Bolen Coklat,23000,44,44
29/11/2021,Senin,Bolen Banana,23000,37,47
30/11/2021,Selasa,Bolen Proltape,23000,79,79
1/12/2021,Rabu,Bolen Coklat Keju,12000,63,77
2/12/2021,Kamis,Bolen Cokju (Mini),12000,77,160
3/12/2021,Jumat,Bolen Keju (Mini),12000,23,23
4/12/2021,Sabtu,Bolen Pisang Coklat,23000,118,121
5/12/2021,Minggu,Bolen Coklat,23000,10,10
6/12/2021,Senin,Bolen Banana,23000,43,127
7/12/2021,Selasa,Bolen Proltape,23000,51,87
8/12/2021,Rabu,Bolen Coklat Keju,12000,119,184
9/12/2021,Kamis,Bolen Cokju (Mini),12000,29,74
10/12/2021,Jumat,Bolen Keju (Mini),12000,48,146
11/12/2021,Sabtu,Bolen Pisang Coklat,23000,47,103
12/12/2021,Minggu,Bolen Coklat,23000,88,144
13/12/2021,Senin,Bolen Banana,23000,101,101
14/12/2021,Selasa,Bolen Proltape,23000,73,169
15/12/2021,Rabu,Bolen Coklat Keju,12000,114,162
16/12/2021,Kamis,Bolen Cokju (Mini),12000,49,65
17/12/2021,Jumat,Bolen Keju (Mini),12000,51,63
18/12/2021,Sabtu,Bolen Pisang Coklat,23000,115,115
19/12/2021,Minggu,Bolen Coklat,23000,95,122
20/12/2021,Senin,Bolen Banana,23000,73,73
21/12/2021,Selasa,Bolen Proltape,23000,37,92
22/12/2021,Rabu,Bolen Coklat Keju,12000,130,130
23/12/2021,Kamis,Bolen Cokju (Mini),12000,127,207
24/12/2021,Jumat,Bolen Keju (Mini),12000,67,67
25/12/2021,Sabtu,Bolen Pisang Coklat,23000,59,145
26/12/2021,Minggu,Bolen Coklat,23000,27,45
27/12/2021,Senin,Bolen Banana,23000,99,201
28/12/2021,Selasa,Bolen Proltape,23000,147,147
29/12/2021,Rabu,Bolen Coklat Keju,12000,17,17
30/12/2021,Kamis,Bolen Cokju (Mini),12000,76,76
31/12/2021,Jumat,Bolen Keju (Mini),12000,77,77
1/01/2022,Sabtu,Bolen Pisang Coklat,23000,121,212
2/01/2022,Minggu,Bolen Coklat,23000,121,237
3/01/2022,Senin,Bolen Banana,23000,39,163
4/01/2022,Selasa,Bolen Proltape,23000,58,58
5/01/2022,Rabu,Bolen Coklat Keju,12000,121,121
6/01/2022,Kamis,Bolen Cokju (Mini),12000,147,292
7/01/2022,Jumat,Bolen Keju (Mini),12000,60,119
8/01/2022,Sabtu,Bolen Pisang Coklat,23000,94,229
9/01/2022,Minggu,Bolen Coklat,23000,41,61
10/01/2022,Senin,Bolen Banana,23000,139,139
11/01/2022,Selasa,Bolen Proltape,23000,114,114
12/01/2022,Rabu,Bolen Coklat Keju,12000,85,160
13/01/2022,Kamis,Bolen Cokju (Mini),12000,117,216
14/01/2022,Jumat,Bolen Keju (Mini),12000,54,143
15/01/2022,Sabtu,Bolen Pisang Coklat,23000,113,164
16/01/2022,Minggu,Bolen Coklat,23000,87,87
17/01/2022,Senin,Bolen Banana,23000,120,159
18/01/2022,Selasa,Bolen Proltape,23000,92,199
19/01/2022,Rabu,Bolen Coklat Keju,12000,64,209
20/01/2022,Kamis,Bolen Cokju (Mini),12000,53,140
21/01/2022,Jumat,Bolen Keju (Mini),12000,141,271
22/01/2022,Sabtu,Bolen Pisang Coklat,23000,95,95
23/01/2022,Minggu,Bolen Coklat,23000,70,149
24/01/2022,Senin,Bolen Banana,23000,60,60
25/01/2022,Selasa,Bolen Proltape,23000,21,21
26/01/2022,Rabu,Bolen Coklat Keju,12000,131,280
27/01/2022,Kamis,Bolen Cokju (Mini),12000,28,159
28/01/2022,Jumat,Bolen Keju (Mini),12000,59,84
29/01/2022,Sabtu,Bolen Pisang Coklat,23000,136,205
30/01/2022,Minggu,Bolen Coklat,23000,11,61
31/01/2022,Senin,Bolen Banana,23000,37,52
1/02/2022,Selasa,Bolen Proltape,23000,55,100
2/02/2022,Rabu,Bolen Coklat Keju,12000,142,264
3/02/2022,Kamis,Bolen Cokju (Mini),12000,73,81
4/02/2022,Jumat,Bolen Keju (Mini),12000,126,126
5/02/2022,Sabtu,Bolen Pisang Coklat,23000,128,250
6/02/2022,Minggu,Bolen Coklat,23000,91,120
7/02/2022,Senin,Bolen Banana,23000,139,260
8/02/2022,Selasa,Bolen Proltape,23000,124,172
9/02/2022,Rabu,Bolen Coklat Keju,12000,131,278
10/02/2022,Kamis,Bolen Cokju (Mini),12000,73,91
11/02/2022,Jumat,Bolen Keju (Mini),12000,143,224
12/02/2022,Sabtu,Bolen Pisang Coklat,23000,80,222
13/02/2022,Minggu,Bolen Coklat,23000,83,83
14/02/2022,Senin,Bolen Banana,23000,95,95
15/02/2022,Selasa,Bolen Proltape,23000,148,148
16/02/2022,Rabu,Bolen Coklat Keju,12000,48,48
17/02/2022,Kamis,Bolen Cokju (Mini),12000,49,108
18/02/2022,Jumat,Bolen Keju (Mini),12000,116,236
19/02/2022,Sabtu,Bolen Pisang Coklat,23000,129,206
20/02/2022,Minggu,Bolen Coklat,23000,117,266
21/02/2022,Senin,Bolen Banana,23000,15,64
22/02/2022,Selasa,Bolen Proltape,23000,107,203
23/02/2022,Rabu,Bolen Coklat Keju,12000,86,113
24/02/2022,Kamis,Bolen Cokju (Mini),12000,147,182
25/02/2022,Jumat,Bolen Keju (Mini),12000,66,151
26/02/2022,Sabtu,Bolen Pisang Coklat,23000,121,221
27/02/2022,Minggu,Bolen Coklat,23000,96,198
28/02/2022,Senin,Bolen Banana,23000,52,61
1/03/2022,Selasa,Bolen Proltape,23000,146,146
2/03/2022,Rabu,Bolen Coklat Keju,12000,110,245
3/03/2022,Kamis,Bolen Cokju (Mini),12000,16,16
4/03/2022,Jumat,Bolen Keju (Mini),12000,119,119
5/03/2022,Sabtu,Bolen Pisang Coklat,23000,128,128
6/03/2022,Minggu,Bolen Coklat,23000,76,154
7/03/2022,Senin,Bolen Banana,23000,126,126
8/03/2022,Selasa,Bolen Proltape,23000,107,107
9/03/2022,Rabu,Bolen Coklat Keju,12000,117,117
10/03/2022,Kamis,Bolen Cokju (Mini),12000,30,176
11/03/2022,Jumat,Bolen Keju (Mini),12000,148,148
12/03/2022,Sabtu,Bolen Pisang Coklat,23000,99,99
13/03/2022,Minggu,Bolen Coklat,23000,27,69
14/03/2022,Senin,Bolen Banana,23000,20,36
15/03/2022,Selasa,Bolen Proltape,23000,61,101
16/03/2022,Rabu,Bolen Coklat Keju,12000,49,49
17/03/2022,Kamis,Bolen Cokju (Mini),12000,131,254
18/03/2022,Jumat,Bolen Keju (Mini),12000,65,148
19/03/2022,Sabtu,Bolen Pisang Coklat,23000,104,104
20/03/2022,Minggu,Bolen Coklat,23000,39,50
21/03/2022,Senin,Bolen Banana,23000,89,89
22/03/2022,Selasa,Bolen Proltape,23000,16,53
23/03/2022,Rabu,Bolen Coklat Keju,12000,106,248
24/03/2022,Kamis,Bolen Cokju (Mini),12000,60,60
25/03/2022,Jumat,Bolen Keju (Mini),12000,72,72
26/03/2022,Sabtu,Bolen Pisang Coklat,23000,87,126
27/03/2022,Minggu,Bolen Coklat,23000,40,77
28/03/2022,Senin,Bolen Banana,23000,20,125
29/03/2022,Selasa,Bolen Proltape,23000,104,104
30/03/2022,Rabu,Bolen Coklat Keju,12000,97,97
31/03/2022,Kamis,Bolen Cokju (Mini),12000,117,124
1/04/2022,Jumat,Bolen Keju (Mini),12000,120,161
2/04/2022,Sabtu,Bolen Pisang Coklat,23000,127,233
3/04/2022,Minggu,Bolen Coklat,23000,55,97
4/04/2022,Senin,Bolen Banana,23000,79,198
5/04/2022,Selasa,Bolen Proltape,23000,133,277
6/04/2022,Rabu,Bolen Coklat Keju,12000,78,78
7/04/2022,Kamis,Bolen Cokju (Mini),12000,72,78
8/04/2022,Jumat,Bolen Keju (Mini),12000,81,97
9/04/2022,Sabtu,Bolen Pisang Coklat,23000,128,264
10/04/2022,Minggu,Bolen Coklat,23000,107,107
11/04/2022,Senin,Bolen Banana,23000,136,148
12/04/2022,Selasa,Bolen Proltape,23000,134,134
13/04/2022,Rabu,Bolen Coklat Keju,12000,76,203
14/04/2022,Kamis,Bolen Cokju (Mini),12000,80,197
15/04/2022,Jumat,Bolen Keju (Mini),12000,58,58
16/04/2022,Sabtu,Bolen Pisang Coklat,23000,114,262
17/04/2022,Minggu,Bolen Coklat,23000,71,204
18/04/2022,Senin,Bolen Banana,23000,135,188
19/04/2022,Selasa,Bolen Proltape,23000,33,33
20/04/2022,Rabu,Bolen Coklat Keju,12000,113,203
21/04/2022,Kamis,Bolen Cokju (Mini),12000,104,222
22/04/2022,Jumat,Bolen Keju (Mini),12000,98,244
23/04/2022,Sabtu,Bolen Pisang Coklat,23000,150,150
24/04/2022,Minggu,Bolen Coklat,23000,126,126
25/04/2022,Senin,Bolen Banana,23000,74,74
26/04/2022,Selasa,Bolen Proltape,23000,59,59
27/04/2022,Rabu,Bolen Coklat Keju,12000,147,192
28/04/2022,Kamis,Bolen Cokju (Mini),12000,57,57
29/04/2022,Jumat,Bolen Keju (Mini),12000,133,133
30/04/2022,Sabtu,Bolen Pisang Coklat,23000,144,207
1/05/2022,Minggu,Bolen Coklat,23000,59,59
2/05/2022,Senin,Bolen Banana,23000,102,102
3/05/2022,Selasa,Bolen Proltape,23000,13,80
4/05/2022,Rabu,Bolen Coklat Keju,12000,80,80
5/05/2022,Kamis,Bolen Cokju (Mini),12000,23,163
6/05/2022,Jumat,Bolen Keju (Mini),12000,42,189
7/05/2022,Sabtu,Bolen Pisang Coklat,23000,135,135
8/05/2022,Minggu,Bolen Coklat,23000,13,124
9/05/2022,Senin,Bolen Banana,23000,132,206
10/05/2022,Selasa,Bolen Proltape,23000,23,23
11/05/2022,Rabu,Bolen Coklat Keju,12000,132,132
12/05/2022,Kamis,Bolen Cokju (Mini),12000,26,86
13/05/2022,Jumat,Bolen Keju (Mini),12000,23,23
14/05/2022,Sabtu,Bolen Pisang Coklat,23000,87,87
15/05/2022,Minggu,Bolen Coklat,23000,73,73
16/05/2022,Senin,Bolen Banana,23000,116,246
17/05/2022,Selasa,Bolen Proltape,23000,67,92
18/05/2022,Rabu,Bolen Coklat Keju,12000,125,145
19/05/2022,Kamis,Bolen Cokju (Mini),12000,119,119
20/05/2022,Jumat,Bolen Keju (Mini),12000,25,170
21/05/2022,Sabtu,Bolen Pisang Coklat,23000,35,49
22/05/2022,Minggu,Bolen Coklat,23000,64,64
23/05/2022,Senin,Bolen Banana,23000,30,30
24/05/2022,Selasa,Bolen Proltape,23000,54,125
25/05/2022,Rabu,Bolen Coklat Keju,12000,10,149
26/05/2022,Kamis,Bolen Cokju (Mini),12000,130,130
27/05/2022,Jumat,Bolen Keju (Mini),12000,69,69
28/05/2022,Sabtu,Bolen Pisang Coklat,23000,82,191
29/05/2022,Minggu,Bolen Coklat,23000,28,112
30/05/2022,Senin,Bolen Banana,23000,60,180
31/05/2022,Selasa,Bolen Proltape,23000,67,152
1/06/2022,Rabu,Bolen Coklat Keju,12000,46,46
2/06/2022,Kamis,Bolen Cokju (Mini),12000,52,91
3/06/2022,Jumat,Bolen Keju (Mini),12000,83,193
4/06/2022,Sabtu,Bolen Pisang Coklat,23000,87,172
5/06/2022,Minggu,Bolen Coklat,23000,138,245
6/06/2022,Senin,Bolen Banana,23000,30,136
7/06/2022,Selasa,Bolen Proltape,23000,92,146
8/06/2022,Rabu,Bolen Coklat Keju,12000,33,33
9/06/2022,Kamis,Bolen Cokju (Mini),12000,15,59
10/06/2022,Jumat,Bolen Keju (Mini),12000,78,226
11/06/2022,Sabtu,Bolen Pisang Coklat,23000,54,188
12/06/2022,Minggu,Bolen Coklat,23000,123,135
13/06/2022,Senin,Bolen Banana,23000,121,234
14/06/2022,Selasa,Bolen Proltape,23000,33,136
15/06/2022,Rabu,Bolen Coklat Keju,12000,95,95
16/06/2022,Kamis,Bolen Cokju (Mini),12000,36,58
17/06/2022,Jumat,Bolen Keju (Mini),12000,115,202
18/06/2022,Sabtu,Bolen Pisang Coklat,23000,112,148
19/06/2022,Minggu,Bolen Coklat,23000,19,110
20/06/2022,Senin,Bolen Banana,23000,74,74
21/06/2022,Selasa,Bolen Proltape,23000,113,114
22/06/2022,Rabu,Bolen Coklat Keju,12000,148,205
23/06/2022,Kamis,Bolen Cokju (Mini),12000,58,188
24/06/2022,Jumat,Bolen Keju (Mini),12000,137,285
25/06/2022,Sabtu,Bolen Pisang Coklat,23000,23,23
26/06/2022,Minggu,Bolen Coklat,23000,150,150
27/06/2022,Senin,Bolen Banana,23000,83,223
28/06/2022,Selasa,Bolen Proltape,23000,134,134
29/06/2022,Rabu,Bolen Coklat Keju,12000,71,161
30/06/2022,Kamis,Bolen Cokju (Mini),12000,13,75
1/07/2022,Jumat,Bolen Keju (Mini),12000,67,75
2/07/2022,Sabtu,Bolen Pisang Coklat,23000,128,170
3/07/2022,Minggu,Bolen Coklat,23000,49,191
4/07/2022,Senin,Bolen Banana,23000,84,169
5/07/2022,Selasa,Bolen Proltape,23000,116,147
6/07/2022,Rabu,Bolen Coklat Keju,12000,72,141
7/07/2022,Kamis,Bolen Cokju (Mini),12000,108,108
8/07/2022,Jumat,Bolen Keju (Mini),12000,140,149
9/07/2022,Sabtu,Bolen Pisang Coklat,23000,27,27
10/07/2022,Minggu,Bolen Coklat,23000,116,116
11/07/2022,Senin,Bolen Banana,23000,139,139
12/07/2022,Selasa,Bolen Proltape,23000,10,10
13/07/2022,Rabu,Bolen Coklat Keju,12000,86,124
14/07/2022,Kamis,Bolen Cokju (Mini),12000,135,164
15/07/2022,Jumat,Bolen Keju (Mini),12000,147,240
16/07/2022,Sabtu,Bolen Pisang Coklat,23000,149,241
17/07/2022,Minggu,Bolen Coklat,23000,58,74
18/07/2022,Senin,Bolen Banana,23000,108,108
19/07/2022,Selasa,Bolen Proltape,23000,115,115
20/07/2022,Rabu,Bolen Coklat Keju,12000,131,230
21/07/2022,Kamis,Bolen Cokju (Mini),12000,108,150
22/07/2022,Jumat,Bolen Keju (Mini),12000,48,103
23/07/2022,Sabtu,Bolen Pisang Coklat,23000,42,168
24/07/2022,Minggu,Bolen Coklat,23000,94,123
25/07/2022,Senin,Bolen Banana,23000,35,144
26/07/2022,Selasa,Bolen Proltape,23000,13,40
27/07/2022,Rabu,Bolen Coklat Keju,12000,49,49
28/07/2022,Kamis,Bolen Cokju (Mini),12000,77,77
29/07/2022,Jumat,Bolen Keju (Mini),12000,111,204
30/07/2022,Sabtu,Bolen Pisang Coklat,23000,146,237
31/07/2022,Minggu,Bolen Coklat,23000,134,137
1/08/2022,Senin,Bolen Banana,23000,27,27
2/08/2022,Selasa,Bolen Proltape,23000,83,131
3/08/2022,Rabu,Bolen Coklat Keju,12000,33,96
4/08/2022,Kamis,Bolen Cokju (Mini),12000,35,174
5/08/2022,Jumat,Bolen Keju (Mini),12000,86,89
6/08/2022,Sabtu,Bolen Pisang Coklat,23000,93,112
7/08/2022,Minggu,Bolen Coklat,23000,101,170
8/08/2022,Senin,Bolen Banana,23000,72,195
9/08/2022,Selasa,Bolen Proltape,23000,56,56
10/08/2022,Rabu,Bolen Coklat Keju,12000,30,129
11/08/2022,Kamis,Bolen Cokju (Mini),12000,71,196
12/08/2022,Jumat,Bolen Keju (Mini),12000,46,46
13/08/2022,Sabtu,Bolen Pisang Coklat,23000,75,211
14/08/2022,Minggu,Bolen Coklat,23000,12,42
15/08/2022,Senin,Bolen Banana,23000,83,154
16/08/2022,Selasa,Bolen Proltape,23000,28,123
17/08/2022,Rabu,Bolen Coklat Keju,12000,86,191
18/08/2022,Kamis,Bolen Cokju (Mini),12000,74,163
19/08/2022,Jumat,Bolen Keju (Mini),12000,60,91
20/08/2022,Sabtu,Bolen Pisang Coklat,23000,37,37
21/08/2022,Minggu,Bolen Coklat,23000,101,241
22/08/2022,Senin,Bolen Banana,23000,85,85
23/08/2022,Selasa,Bolen Proltape,23000,111,111
24/08/2022,Rabu,Bolen Coklat Keju,12000,22,70
25/08/2022,Kamis,Bolen Cokju (Mini),12000,137,156
26/08/2022,Jumat,Bolen Keju (Mini),12000,68,164
27/08/2022,Sabtu,Bolen Pisang Coklat,23000,66,196
28/08/2022,Minggu,Bolen Coklat,23000,74,217
29/08/2022,Senin,Bolen Banana,23000,45,176
30/08/2022,Selasa,Bolen Proltape,23000,20,20
31/08/2022,Rabu,Bolen Coklat Keju,12000,122,122
1/09/2022,Kamis,Bolen Cokju (Mini),12000,103,109
2/09/2022,Jumat,Bolen Keju (Mini),12000,85,85
3/09/2022,Sabtu,Bolen Pisang Coklat,23000,116,116
4/09/2022,Minggu,Bolen Coklat,23000,43,67
5/09/2022,Senin,Bolen Banana,23000,145,230
6/09/2022,Selasa,Bolen Proltape,23000,52,52
7/09/2022,Rabu,Bolen Coklat Keju,12000,133,152
8/09/2022,Kamis,Bolen Cokju (Mini),12000,96,126
9/09/2022,Jumat,Bolen Keju (Mini),12000,29,29
10/09/2022,Sabtu,Bolen Pisang Coklat,23000,67,114
11/09/2022,Minggu,Bolen Coklat,23000,111,147
12/09/2022,Senin,Bolen Banana,23000,103,103
13/09/2022,Selasa,Bolen Proltape,23000,111,111
14/09/2022,Rabu,Bolen Coklat Keju,12000,147,147
15/09/2022,Kamis,Bolen Cokju (Mini),12000,104,241
16/09/2022,Jumat,Bolen Keju (Mini),12000,77,209
17/09/2022,Sabtu,Bolen Pisang Coklat,23000,105,105
18/09/2022,Minggu,Bolen Coklat,23000,69,199
19/09/2022,Senin,Bolen Banana,23000,93,108
20/09/2022,Selasa,Bolen Proltape,23000,26,136
21/09/2022,Rabu,Bolen Coklat Keju,12000,87,152
22/09/2022,Kamis,Bolen Cokju (Mini),12000,45,45
23/09/2022,Jumat,Bolen Keju (Mini),12000,19,19
24/09/2022,Sabtu,Bolen Pisang Coklat,23000,136,136
25/09/2022,Minggu,Bolen Coklat,23000,70,79
26/09/2022,Senin,Bolen Banana,23000,109,245
27/09/2022,Selasa,Bolen Proltape,23000,148,294
28/09/2022,Rabu,Bolen Coklat Keju,12000,49,91
29/09/2022,Kamis,Bolen Cokju (Mini),12000,35,75
30/09/2022,Jumat,Bolen Keju (Mini),12000,114,132
1/10/2022,Sabtu,Bolen Pisang Coklat,23000,18,96
2/10/2022,Minggu,Bolen Coklat,23000,123,204
3/10/2022,Senin,Bolen Banana,23000,102,102
4/10/2022,Selasa,Bolen Proltape,23000,104,237
5/10/2022,Rabu,Bolen Coklat Keju,12000,101,101
6/10/2022,Kamis,Bolen Cokju (Mini),12000,80,80
7/10/2022,Jumat,Bolen Keju (Mini),12000,41,71
8/10/2022,Sabtu,Bolen Pisang Coklat,23000,33,166
9/10/2022,Minggu,Bolen Coklat,23000,15,15
10/10/2022,Senin,Bolen Banana,23000,95,95
11/10/2022,Selasa,Bolen Proltape,23000,42,56
12/10/2022,Rabu,Bolen Coklat Keju,12000,27,63
13/10/2022,Kamis,Bolen Cokju (Mini),12000,63,143
14/10/2022,Jumat,Bolen Keju (Mini),12000,94,133
15/10/2022,Sabtu,Bolen Pisang Coklat,23000,10,10
16/10/2022,Minggu,Bolen Coklat,23000,47,82
17/10/2022,Senin,Bolen Banana,23000,74,82
18/10/2022,Selasa,Bolen Proltape,23000,16,16
19/10/2022,Rabu,Bolen Coklat Keju,12000,101,117
20/10/2022,Kamis,Bolen Cokju (Mini),12000,92,92
21/10/2022,Jumat,Bolen Keju (Mini),12000,77,77
22/10/2022,Sabtu,Bolen Pisang Coklat,23000,117,263
23/10/2022,Minggu,Bolen Coklat,23000,26,176
24/10/2022,Senin,Bolen Banana,23000,102,166
25/10/2022,Selasa,Bolen Proltape,23000,125,254
26/10/2022,Rabu,Bolen Coklat Keju,12000,21,64
27/10/2022,Kamis,Bolen Cokju (Mini),12000,143,143
28/10/2022,Jumat,Bolen Keju (Mini),12000,17,17
29/10/2022,Sabtu,Bolen Pisang Coklat,23000,132,160
30/10/2022,Minggu,Bolen Coklat,23000,37,144
31/10/2022,Senin,Bolen Banana,23000,28,49
1/11/2022,Selasa,Bolen Proltape,23000,47,47
2/11/2022,Rabu,Bolen Coklat Keju,12000,80,205
3/11/2022,Kamis,Bolen Cokju (Mini),12000,150,175
4/11/2022,Jumat,Bolen Keju (Mini),12000,145,145
5/11/2022,Sabtu,Bolen Pisang Coklat,23000,139,202
6/11/2022,Minggu,Bolen Coklat,23000,39,81
7/11/2022,Senin,Bolen Banana,23000,65,145
8/11/2022,Selasa,Bolen Proltape,23000,115,115
9/11/2022,Rabu,Bolen Coklat Keju,12000,126,270
10/11/2022,Kamis,Bolen Cokju (Mini),12000,34,34
11/11/2022,Jumat,Bolen Keju (Mini),12000,90,188
12/11/2022,Sabtu,Bolen Pisang Coklat,23000,49,160
13/11/2022,Minggu,Bolen Coklat,23000,27,27
14/11/2022,Senin,Bolen Banana,23000,31,31
15/11/2022,Selasa,Bolen Proltape,23000,34,58
16/11/2022,Rabu,Bolen Coklat Keju,12000,43,169
17/11/2022,Kamis,Bolen Cokju (Mini),12000,94,197
18/11/2022,Jumat,Bolen Keju (Mini),12000,100,149
19/11/2022,Sabtu,Bolen Pisang Coklat,23000,118,165
20/11/2022,Minggu,Bolen Coklat,23000,23,62
21/11/2022,Senin,Bolen Banana,23000,89,213
22/11/2022,Selasa,Bolen Proltape,23000,139,139
23/11/2022,Rabu,Bolen Coklat Keju,12000,133,133
24/11/2022,Kamis,Bolen Cokju (Mini),12000,37,159
25/11/2022,Jumat,Bolen Keju (Mini),12000,104,104
26/11/2022,Sabtu,Bolen Pisang Coklat,23000,81,186
27/11/2022,Minggu,Bolen Coklat,23000,16,151
28/11/2022,Senin,Bolen Banana,23000,78,78
29/11/2022,Selasa,Bolen Proltape,23000,79,169
30/11/2022,Rabu,Bolen Coklat Keju,12000,96,170
1/12/2022,Kamis,Bolen Cokju (Mini),12000,46,148
2/12/2022,Jumat,Bolen Keju (Mini),12000,27,27
3/12/2022,Sabtu,Bolen Pisang Coklat,23000,17,17
4/12/2022,Minggu,Bolen Coklat,23000,145,145
5/12/2022,Senin,Bolen Banana,23000,117,188
6/12/2022,Selasa,Bolen Proltape,23000,104,104
7/12/2022,Rabu,Bolen Coklat Keju,12000,93,130
8/12/2022,Kamis,Bolen Cokju (Mini),12000,31,41
9/12/2022,Jumat,Bolen Keju (Mini),12000,50,54
10/12/2022,Sabtu,Bolen Pisang Coklat,23000,30,30
11/12/2022,Minggu,Bolen Coklat,23000,118,225
12/12/2022,Senin,Bolen Banana,23000,116,116
13/12/2022,Selasa,Bolen Proltape,23000,141,141
14/12/2022,Rabu,Bolen Coklat Keju,12000,120,120
15/12/2022,Kamis,Bolen Cokju (Mini),12000,134,224
16/12/2022,Jumat,Bolen Keju (Mini),12000,21,21
17/12/2022,Sabtu,Bolen Pisang Coklat,23000,24,24
18/12/2022,Minggu,Bolen Coklat,23000,87,137
19/12/2022,Senin,Bolen Banana,23000,45,64
20/12/2022,Selasa,Bolen Proltape,23000,93,93
21/12/2022,Rabu,Bolen Coklat Keju,12000,137,149
22/12/2022,Kamis,Bolen Cokju (Mini),12000,43,184
23/12/2022,Jumat,Bolen Keju (Mini),12000,68,204
24/12/2022,Sabtu,Bolen Pisang Coklat,23000,100,100
25/12/2022,Minggu,Bolen Coklat,23000,20,129
26/12/2022,Senin,Bolen Banana,23000,29,66
27/12/2022,Selasa,Bolen Proltape,23000,119,260
28/12/2022,Rabu,Bolen Coklat Keju,12000,116,116
29/12/2022,Kamis,Bolen Cokju (Mini),12000,113,113
30/12/2022,Jumat,Bolen Keju (Mini),12000,93,93
31/12/2022,Sabtu,Bolen Pisang Coklat,23000,127,151
1/01/2023,Minggu,Bolen Coklat,23000,32,96
2/01/2023,Senin,Bolen Banana,23000,72,174
3/01/2023,Selasa,Bolen Proltape,23000,144,144
4/01/2023,Rabu,Bolen Coklat Keju,12000,89,104
5/01/2023,Kamis,Bolen Cokju (Mini),12000,95,100
6/01/2023,Jumat,Bolen Keju (Mini),12000,140,258
7/01/2023,Sabtu,Bolen Pisang Coklat,23000,140,140
8/01/2023,Minggu,Bolen Coklat,23000,99,232
9/01/2023,Senin,Bolen Banana,23000,47,47
10/01/2023,Selasa,Bolen Proltape,23000,47,47
11/01/2023,Rabu,Bolen Coklat Keju,12000,54,202
12/01/2023,Kamis,Bolen Cokju (Mini),12000,29,29
13/01/2023,Jumat,Bolen Keju (Mini),12000,136,259
14/01/2023,Sabtu,Bolen Pisang Coklat,23000,124,247
15/01/2023,Minggu,Bolen Coklat,23000,92,133
16/01/2023,Senin,Bolen Banana,23000,90,90
17/01/2023,Selasa,Bolen Proltape,23000,27,158
18/01/2023,Rabu,Bolen Coklat Keju,12000,87,125
19/01/2023,Kamis,Bolen Cokju (Mini),12000,24,84
20/01/2023,Jumat,Bolen Keju (Mini),12000,89,144
21/01/2023,Sabtu,Bolen Pisang Coklat,23000,24,111
22/01/2023,Minggu,Bolen Coklat,23000,29,91
23/01/2023,Senin,Bolen Banana,23000,139,264
24/01/2023,Selasa,Bolen Proltape,23000,20,144
25/01/2023,Rabu,Bolen Coklat Keju,12000,58,58
26/01/2023,Kamis,Bolen Cokju (Mini),12000,131,189
27/01/2023,Jumat,Bolen Keju (Mini),12000,125,125
28/01/2023,Sabtu,Bolen Pisang Coklat,23000,97,103
29/01/2023,Minggu,Bolen Coklat,23000,139,195
30/01/2023,Senin,Bolen Banana,23000,73,180
31/01/2023,Selasa,Bolen Proltape,23000,144,215
1/02/2023,Rabu,Bolen Coklat Keju,12000,103,190
2/02/2023,Kamis,Bolen Cokju (Mini),12000,109,203
3/02/2023,Jumat,Bolen Keju (Mini),12000,23,65
4/02/2023,Sabtu,Bolen Pisang Coklat,23000,95,95
5/02/2023,Minggu,Bolen Coklat,23000,34,134
6/02/2023,Senin,Bolen Banana,23000,82,82
7/02/2023,Selasa,Bolen Proltape,23000,48,48
8/02/2023,Rabu,Bolen Coklat Keju,12000,46,66
9/02/2023,Kamis,Bolen Cokju (Mini),12000,110,110
10/02/2023,Jumat,Bolen Keju (Mini),12000,31,31
11/02/2023,Sabtu,Bolen Pisang Coklat,23000,106,199
12/02/2023,Minggu,Bolen Coklat,23000,42,187
13/02/2023,Senin,Bolen Banana,23000,144,144
14/02/2023,Selasa,Bolen Proltape,23000,118,171
15/02/2023,Rabu,Bolen Coklat Keju,12000,102,102
16/02/2023,Kamis,Bolen Cokju (Mini),12000,64,213
17/02/2023,Jumat,Bolen Keju (Mini),12000,134,134
18/02/2023,Sabtu,Bolen Pisang Coklat,23000,45,45
19/02/2023,Minggu,Bolen Coklat,23000,85,92
20/02/2023,Senin,Bolen Banana,23000,139,187
21/02/2023,Selasa,Bolen Proltape,23000,144,144
22/02/2023,Rabu,Bolen Coklat Keju,12000,96,136
23/02/2023,Kamis,Bolen Cokju (Mini),12000,43,113
24/02/2023,Jumat,Bolen Keju (Mini),12000,51,51
25/02/2023,Sabtu,Bolen Pisang Coklat,23000,52,55
26/02/2023,Minggu,Bolen Coklat,23000,115,258
27/02/2023,Senin,Bolen Banana,23000,70,110
28/02/2023,Selasa,Bolen Proltape,23000,82,111
1/03/2023,Rabu,Bolen Coklat Keju,12000,69,159
2/03/2023,Kamis,Bolen Cokju (Mini),12000,130,143
3/03/2023,Jumat,Bolen Keju (Mini),12000,104,228
4/03/2023,Sabtu,Bolen Pisang Coklat,23000,122,209
5/03/2023,Minggu,Bolen Coklat,23000,107,211
6/03/2023,Senin,Bolen Banana,23000,51,90
7/03/2023,Selasa,Bolen Proltape,23000,45,49
8/03/2023,Rabu,Bolen Coklat Keju,12000,133,169
9/03/2023,Kamis,Bolen Cokju (Mini),12000,36,70
10/03/2023,Jumat,Bolen Keju (Mini),12000,41,41
11/03/2023,Sabtu,Bolen Pisang Coklat,23000,51,51
12/03/2023,Minggu,Bolen Coklat,23000,141,141
13/03/2023,Senin,Bolen Banana,23000,121,121
14/03/2023,Selasa,Bolen Proltape,23000,66,89
15/03/2023,Rabu,Bolen Coklat Keju,12000,16,117
16/03/2023,Kamis,Bolen Cokju (Mini),12000,138,238
17/03/2023,Jumat,Bolen Keju (Mini),12000,30,84
18/03/2023,Sabtu,Bolen Pisang Coklat,23000,91,137
19/03/2023,Minggu,Bolen Coklat,23000,95,104
20/03/2023,Senin,Bolen Banana,23000,19,19
21/03/2023,Selasa,Bolen Proltape,23000,130,198
22/03/2023,Rabu,Bolen Coklat Keju,12000,130,181
23/03/2023,Kamis,Bolen Cokju (Mini),12000,30,30
24/03/2023,Jumat,Bolen Keju (Mini),12000,65,101
25/03/2023,Sabtu,Bolen Pisang Coklat,23000,145,295
26/03/2023,Minggu,Bolen Coklat,23000,83,83
27/03/2023,Senin,Bolen Banana,23000,41,41
28/03/2023,Selasa,Bolen Proltape,23000,117,247
29/03/2023,Rabu,Bolen Coklat Keju,12000,127,127
30/03/2023,Kamis,Bolen Cokju (Mini),12000,137,190
31/03/2023,Jumat,Bolen Keju (Mini),12000,141,283
1/04/2023,Sabtu,Bolen Pisang Coklat,23000,46,46
2/04/2023,Minggu,Bolen Coklat,23000,10,91
3/04/2023,Senin,Bolen Banana,23000,116,116
4/04/2023,Selasa,Bolen Proltape,23000,31,128
5/04/2023,Rabu,Bolen Coklat Keju,12000,27,62
6/04/2023,Kamis,Bolen Cokju (Mini),12000,139,172
7/04/2023,Jumat,Bolen Keju (Mini),12000,15,126
8/04/2023,Sabtu,Bolen Pisang Coklat,23000,21,119
9/04/2023,Minggu,Bolen Coklat,23000,74,97
10/04/2023,Senin,Bolen Banana,23000,27,171
11/04/2023,Selasa,Bolen Proltape,23000,36,84
12/04/2023,Rabu,Bolen Coklat Keju,12000,95,95
13/04/2023,Kamis,Bolen Cokju (Mini),12000,100,233
14/04/2023,Jumat,Bolen Keju (Mini),12000,54,98
15/04/2023,Sabtu,Bolen Pisang Coklat,23000,128,159
16/04/2023,Minggu,Bolen Coklat,23000,56,61
17/04/2023,Senin,Bolen Banana,23000,127,127
18/04/2023,Selasa,Bolen Proltape,23000,61,61
19/04/2023,Rabu,Bolen Coklat Keju,12000,61,82
20/04/2023,Kamis,Bolen Cokju (Mini),12000,89,209
21/04/2023,Jumat,Bolen Keju (Mini),12000,131,131
22/04/2023,Sabtu,Bolen Pisang Coklat,23000,58,58
23/04/2023,Minggu,Bolen Coklat,23000,22,44
24/04/2023,Senin,Bolen Banana,23000,79,79
25/04/2023,Selasa,Bolen Proltape,23000,104,206
26/04/2023,Rabu,Bolen Coklat Keju,12000,122,147
27/04/2023,Kamis,Bolen Cokju (Mini),12000,96,128
28/04/2023,Jumat,Bolen Keju (Mini),12000,137,254
29/04/2023,Sabtu,Bolen Pisang Coklat,23000,78,125
30/04/2023,Minggu,Bolen Coklat,23000,118,118
1/05/2023,Senin,Bolen Banana,23000,56,148
2/05/2023,Selasa,Bolen Proltape,23000,36,36
3/05/2023,Rabu,Bolen Coklat Keju,12000,85,85
4/05/2023,Kamis,Bolen Cokju (Mini),12000,119,119
5/05/2023,Jumat,Bolen Keju (Mini),12000,123,179
6/05/2023,Sabtu,Bolen Pisang Coklat,23000,100,206
7/05/2023,Minggu,Bolen Coklat,23000,80,138
8/05/2023,Senin,Bolen Banana,23000,29,131
9/05/2023,Selasa,Bolen Proltape,23000,103,249
10/05/2023,Rabu,Bolen Coklat Keju,12000,50,60
11/05/2023,Kamis,Bolen Cokju (Mini),12000,122,122
12/05/2023,Jumat,Bolen Keju (Mini),12000,27,27
13/05/2023,Sabtu,Bolen Pisang Coklat,23000,103,226
14/05/2023,Minggu,Bolen Coklat,23000,18,155
15/05/2023,Senin,Bolen Banana,23000,125,149
16/05/2023,Selasa,Bolen Proltape,23000,123,160
17/05/2023,Rabu,Bolen Coklat Keju,12000,45,146
18/05/2023,Kamis,Bolen Cokju (Mini),12000,90,172
19/05/2023,Jumat,Bolen Keju (Mini),12000,39,39
20/05/2023,Sabtu,Bolen Pisang Coklat,23000,57,157
21/05/2023,Minggu,Bolen Coklat,23000,40,40
22/05/2023,Senin,Bolen Banana,23000,76,154
23/05/2023,Selasa,Bolen Proltape,23000,83,196
24/05/2023,Rabu,Bolen Coklat Keju,12000,61,61
25/05/2023,Kamis,Bolen Cokju (Mini),12000,28,170
26/05/2023,Jumat,Bolen Keju (Mini),12000,123,167
27/05/2023,Sabtu,Bolen Pisang Coklat,23000,91,232
28/05/2023,Minggu,Bolen Coklat,23000,26,114
29/05/2023,Senin,Bolen Banana,23000,86,132
30/05/2023,Selasa,Bolen Proltape,23000,54,87
31/05/2023,Rabu,Bolen Coklat Keju,12000,67,67
1/06/2023,Kamis,Bolen Cokju (Mini),12000,61,77
2/06/2023,Jumat,Bolen Keju (Mini),12000,136,136
3/06/2023,Sabtu,Bolen Pisang Coklat,23000,104,225
4/06/2023,Minggu,Bolen Coklat,23000,43,105
5/06/2023,Senin,Bolen Banana,23000,26,26
6/06/2023,Selasa,Bolen Proltape,23000,132,281
7/06/2023,Rabu,Bolen Coklat Keju,12000,114,119
8/06/2023,Kamis,Bolen Cokju (Mini),12000,42,84
9/06/2023,Jumat,Bolen Keju (Mini),12000,28,166
10/06/2023,Sabtu,Bolen Pisang Coklat,23000,142,292
11/06/2023,Minggu,Bolen Coklat,23000,56,65
12/06/2023,Senin,Bolen Banana,23000,120,178
13/06/2023,Selasa,Bolen Proltape,23000,41,130
14/06/2023,Rabu,Bolen Coklat Keju,12000,52,52
15/06/2023,Kamis,Bolen Cokju (Mini),12000,67,184
16/06/2023,Jumat,Bolen Keju (Mini),12000,82,99
17/06/2023,Sabtu,Bolen Pisang Coklat,23000,60,181
18/06/2023,Minggu,Bolen Coklat,23000,80,80
19/06/2023,Senin,Bolen Banana,23000,87,149
20/06/2023,Selasa,Bolen Proltape,23000,138,264
21/06/2023,Rabu,Bolen Coklat Keju,12000,49,49
22/06/2023,Kamis,Bolen Cokju (Mini),12000,96,133
23/06/2023,Jumat,Bolen Keju (Mini),12000,20,22
24/06/2023,Sabtu,Bolen Pisang Coklat,23000,30,30
25/06/2023,Minggu,Bolen Coklat,23000,77,226
26/06/2023,Senin,Bolen Banana,23000,116,170
27/06/2023,Selasa,Bolen Proltape,23000,137,172
28/06/2023,Rabu,Bolen Coklat Keju,12000,84,173
29/06/2023,Kamis,Bolen Cokju (Mini),12000,133,133
30/06/2023,Jumat,Bolen Keju (Mini),12000,113,113
1/07/2023,Sabtu,Bolen Pisang Coklat,23000,28,99
2/07/2023,Minggu,Bolen Coklat,23000,122,232
3/07/2023,Senin,Bolen Banana,23000,62,131
4/07/2023,Selasa,Bolen Proltape,23000,90,111
5/07/2023,Rabu,Bolen Coklat Keju,12000,98,107
6/07/2023,Kamis,Bolen Cokju (Mini),12000,104,168
7/07/2023,Jumat,Bolen Keju (Mini),12000,91,91
8/07/2023,Sabtu,Bolen Pisang Coklat,23000,41,41
9/07/2023,Minggu,Bolen Coklat,23000,73,73
10/07/2023,Senin,Bolen Banana,23000,22,22
11/07/2023,Selasa,Bolen Proltape,23000,108,135
12/07/2023,Rabu,Bolen Coklat Keju,12000,73,84
13/07/2023,Kamis,Bolen Cokju (Mini),12000,93,140
14/07/2023,Jumat,Bolen Keju (Mini),12000,90,90
15/07/2023,Sabtu,Bolen Pisang Coklat,23000,50,166
16/07/2023,Minggu,Bolen Coklat,23000,129,219
17/07/2023,Senin,Bolen Banana,23000,137,137
18/07/2023,Selasa,Bolen Proltape,23000,110,191
19/07/2023,Rabu,Bolen Coklat Keju,12000,65,122
20/07/2023,Kamis,Bolen Cokju (Mini),12000,22,22
21/07/2023,Jumat,Bolen Keju (Mini),12000,130,130
22/07/2023,Sabtu,Bolen Pisang Coklat,23000,12,40
23/07/2023,Minggu,Bolen Coklat,23000,44,91
24/07/2023,Senin,Bolen Banana,23000,103,127
25/07/2023,Selasa,Bolen Proltape,23000,21,144
26/07/2023,Rabu,Bolen Coklat Keju,12000,59,146
27/07/2023,Kamis,Bolen Cokju (Mini),12000,28,136
28/07/2023,Jumat,Bolen Keju (Mini),12000,150,150
29/07/2023,Sabtu,Bolen Pisang Coklat,23000,40,40
30/07/2023,Minggu,Bolen Coklat,23000,34,128
31/07/2023,Senin,Bolen Banana,23000,103,116
1/08/2023,Selasa,Bolen Proltape,23000,140,196
2/08/2023,Rabu,Bolen Coklat Keju,12000,21,21
3/08/2023,Kamis,Bolen Cokju (Mini),12000,95,129
4/08/2023,Jumat,Bolen Keju (Mini),12000,126,126
5/08/2023,Sabtu,Bolen Pisang Coklat,23000,141,141
6/08/2023,Minggu,Bolen Coklat,23000,91,91
7/08/2023,Senin,Bolen Banana,23000,86,201
8/08/2023,Selasa,Bolen Proltape,23000,140,281
9/08/2023,Rabu,Bolen Coklat Keju,12000,86,139
10/08/2023,Kamis,Bolen Cokju (Mini),12000,104,104
11/08/2023,Jumat,Bolen Keju (Mini),12000,38,76
12/08/2023,Sabtu,Bolen Pisang Coklat,23000,88,135
13/08/2023,Minggu,Bolen Coklat,23000,16,100
14/08/2023,Senin,Bolen Banana,23000,68,106
15/08/2023,Selasa,Bolen Proltape,23000,132,132
16/08/2023,Rabu,Bolen Coklat Keju,12000,107,107
17/08/2023,Kamis,Bolen Cokju (Mini),12000,72,72
18/08/2023,Jumat,Bolen Keju (Mini),12000,38,38
19/08/2023,Sabtu,Bolen Pisang Coklat,23000,122,122
20/08/2023,Minggu,Bolen Coklat,23000,48,125
21/08/2023,Senin,Bolen Banana,23000,115,244
22/08/2023,Selasa,Bolen Proltape,23000,130,178
23/08/2023,Rabu,Bolen Coklat Keju,12000,25,142
24/08/2023,Kamis,Bolen Cokju (Mini),12000,63,198
25/08/2023,Jumat,Bolen Keju (Mini),12000,132,223
26/08/2023,Sabtu,Bolen Pisang Coklat,23000,54,173
27/08/2023,Minggu,Bolen Coklat,23000,97,234
28/08/2023,Senin,Bolen Banana,23000,77,152
29/08/2023,Selasa,Bolen Proltape,23000,73,73
30/08/2023,Rabu,Bolen Coklat Keju,12000,86,86
31/08/2023,Kamis,Bolen Cokju (Mini),12000,86,132
1/09/2023,Jumat,Bolen Keju (Mini),12000,63,176
2/09/2023,Sabtu,Bolen Pisang Coklat,23000,91,213
3/09/2023,Minggu,Bolen Coklat,23000,80,80
4/09/2023,Senin,Bolen Banana,23000,149,250
5/09/2023,Selasa,Bolen Proltape,23000,98,108
6/09/2023,Rabu,Bolen Coklat Keju,12000,84,84
7/09/2023,Kamis,Bolen Cokju (Mini),12000,30,137
8/09/2023,Jumat,Bolen Keju (Mini),12000,75,89
9/09/2023,Sabtu,Bolen Pisang Coklat,23000,61,79
10/09/2023,Minggu,Bolen Coklat,23000,79,79
11/09/2023,Senin,Bolen Banana,23000,71,71
12/09/2023,Selasa,Bolen Proltape,23000,145,145
13/09/2023,Rabu,Bolen Coklat Keju,12000,69,69
14/09/2023,Kamis,Bolen Cokju (Mini),12000,115,115
15/09/2023,Jumat,Bolen Keju (Mini),12000,130,130
16/09/2023,Sabtu,Bolen Pisang Coklat,23000,45,45
17/09/2023,Minggu,Bolen Coklat,23000,150,161
18/09/2023,Senin,Bolen Banana,23000,114,225
19/09/2023,Selasa,Bolen Proltape,23000,132,279
20/09/2023,Rabu,Bolen Coklat Keju,12000,83,83
21/09/2023,Kamis,Bolen Cokju (Mini),12000,25,31
22/09/2023,Jumat,Bolen Keju (Mini),12000,69,212
23/09/2023,Sabtu,Bolen Pisang Coklat,23000,19,31
24/09/2023,Minggu,Bolen Coklat,23000,116,128
25/09/2023,Senin,Bolen Banana,23000,19,45
26/09/2023,Selasa,Bolen Proltape,23000,136,136
27/09/2023,Rabu,Bolen Coklat Keju,12000,84,85
28/09/2023,Kamis,Bolen Cokju (Mini),12000,86,150
29/09/2023,Jumat,Bolen Keju (Mini),12000,95,95
30/09/2023,Sabtu,Bolen Pisang Coklat,23000,149,217
1/10/2023,Minggu,Bolen Coklat,23000,139,214
2/10/2023,Senin,Bolen Banana,23000,38,38
3/10/2023,Selasa,Bolen Proltape,23000,127,269
4/10/2023,Rabu,Bolen Coklat Keju,12000,57,57
5/10/2023,Kamis,Bolen Cokju (Mini),12000,96,133
6/10/2023,Jumat,Bolen Keju (Mini),12000,59,59
7/10/2023,Sabtu,Bolen Pisang Coklat,23000,113,146
8/10/2023,Minggu,Bolen Coklat,23000,93,93
9/10/2023,Senin,Bolen Banana,23000,34,34
10/10/2023,Selasa,Bolen Proltape,23000,45,127
11/10/2023,Rabu,Bolen Coklat Keju,12000,11,11
12/10/2023,Kamis,Bolen Cokju (Mini),12000,70,155
13/10/2023,Jumat,Bolen Keju (Mini),12000,94,94
14/10/2023,Sabtu,Bolen Pisang Coklat,23000,12,12
15/10/2023,Minggu,Bolen Coklat,23000,102,160
16/10/2023,Senin,Bolen Banana,23000,40,111
17/10/2023,Selasa,Bolen Proltape,23000,113,254
18/10/2023,Rabu,Bolen Coklat Keju,12000,89,221
19/10/2023,Kamis,Bolen Cokju (Mini),12000,85,164
20/10/2023,Jumat,Bolen Keju (Mini),12000,66,97
21/10/2023,Sabtu,Bolen Pisang Coklat,23000,49,177
22/10/2023,Minggu,Bolen Coklat,23000,105,226
23/10/2023,Senin,Bolen Banana,23000,130,173
24/10/2023,Selasa,Bolen Proltape,23000,65,109
25/10/2023,Rabu,Bolen Coklat Keju,12000,30,148
26/10/2023,Kamis,Bolen Cokju (Mini),12000,102,102
27/10/2023,Jumat,Bolen Keju (Mini),12000,38,38
28/10/2023,Sabtu,Bolen Pisang Coklat,23000,150,163
29/10/2023,Minggu,Bolen Coklat,23000,147,147
30/10/2023,Senin,Bolen Banana,23000,93,122
31/10/2023,Selasa,Bolen Proltape,23000,39,181
1/11/2023,Rabu,Bolen Coklat Keju,12000,135,135
2/11/2023,Kamis,Bolen Cokju (Mini),12000,140,198
3/11/2023,Jumat,Bolen Keju (Mini),12000,126,126
4/11/2023,Sabtu,Bolen Pisang Coklat,23000,116,174
5/11/2023,Minggu,Bolen Coklat,23000,128,218
6/11/2023,Senin,Bolen Banana,23000,15,66
7/11/2023,Selasa,Bolen Proltape,23000,65,121
8/11/2023,Rabu,Bolen Coklat Keju,12000,118,177
9/11/2023,Kamis,Bolen Cokju (Mini),12000,148,153
10/11/2023,Jumat,Bolen Keju (Mini),12000,130,130
11/11/2023,Sabtu,Bolen Pisang Coklat,23000,114,114
12/11/2023,Minggu,Bolen Coklat,23000,44,91
13/11/2023,Senin,Bolen Banana,23000,117,216
14/11/2023,Selasa,Bolen Proltape,23000,124,149
15/11/2023,Rabu,Bolen Coklat Keju,12000,106,106
16/11/2023,Kamis,Bolen Cokju (Mini),12000,148,148
17/11/2023,Jumat,Bolen Keju (Mini),12000,99,99
18/11/2023,Sabtu,Bolen Pisang Coklat,23000,147,214
19/11/2023,Minggu,Bolen Coklat,23000,67,116
20/11/2023,Senin,Bolen Banana,23000,15,45
21/11/2023,Selasa,Bolen Proltape,23000,149,248
22/11/2023,Rabu,Bolen Coklat Keju,12000,68,68
23/11/2023,Kamis,Bolen Cokju (Mini),12000,98,98
24/11/2023,Jumat,Bolen Keju (Mini),12000,58,105
25/11/2023,Sabtu,Bolen Pisang Coklat,23000,38,38
26/11/2023,Minggu,Bolen Coklat,23000,117,170
27/11/2023,Senin,Bolen Banana,23000,71,71
28/11/2023,Selasa,Bolen Proltape,23000,35,143
29/11/2023,Rabu,Bolen Coklat Keju,12000,22,22
30/11/2023,Kamis,Bolen Cokju (Mini),12000,21,101
1/12/2023,Jumat,Bolen Keju (Mini),12000,148,148
2/12/2023,Sabtu,Bolen Pisang Coklat,23000,24,24
3/12/2023,Minggu,Bolen Coklat,23000,84,84
4/12/2023,Senin,Bolen Banana,23000,91,240
5/12/2023,Selasa,Bolen Proltape,23000,92,92
6/12/2023,Rabu,Bolen Coklat Keju,12000,46,80
7/12/2023,Kamis,Bolen Cokju (Mini),12000,66,152
8/12/2023,Jumat,Bolen Keju (Mini),12000,25,151
9/12/2023,Sabtu,Bolen Pisang Coklat,23000,54,159
10/12/2023,Minggu,Bolen Coklat,23000,136,136
11/12/2023,Senin,Bolen Banana,23000,98,141
12/12/2023,Selasa,Bolen Proltape,23000,107,128
13/12/2023,Rabu,Bolen Coklat Keju,12000,116,205
14/12/2023,Kamis,Bolen Cokju (Mini),12000,106,106
15/12/2023,Jumat,Bolen Keju (Mini),12000,147,226
16/12/2023,Sabtu,Bolen Pisang Coklat,23000,86,96
17/12/2023,Minggu,Bolen Coklat,23000,128,164
18/12/2023,Senin,Bolen Banana,23000,115,151
19/12/2023,Selasa,Bolen Proltape,23000,145,145
20/12/2023,Rabu,Bolen Coklat Keju,12000,72,72
21/12/2023,Kamis,Bolen Cokju (Mini),12000,94,202
22/12/2023,Jumat,Bolen Keju (Mini),12000,104,104
23/12/2023,Sabtu,Bolen Pisang Coklat,23000,58,58
24/12/2023,Minggu,Bolen Coklat,23000,106,234
25/12/2023,Senin,Bolen Banana,23000,20,33
26/12/2023,Selasa,Bolen Proltape,23000,65,158
27/12/2023,Rabu,Bolen Coklat Keju,12000,87,88
28/12/2023,Kamis,Bolen Cokju (Mini),12000,64,112
29/12/2023,Jumat,Bolen Keju (Mini),12000,40,89
30/12/2023,Sabtu,Bolen Pisang Coklat,23000,132,177
31/12/2023,Minggu,Bolen Coklat,23000,62,143
1/01/2024,Senin,Bolen Banana,23000,92,117
2/01/2024,Selasa,Bolen Proltape,23000,129,225
3/01/2024,Rabu,Bolen Coklat Keju,12000,88,88
4/01/2024,Kamis,Bolen Cokju (Mini),12000,141,171
5/01/2024,Jumat,Bolen Keju (Mini),12000,35,82
6/01/2024,Sabtu,Bolen Pisang Coklat,23000,130,151
7/01/2024,Minggu,Bolen Coklat,23000,62,165
8/01/2024,Senin,Bolen Banana,23000,21,100
9/01/2024,Selasa,Bolen Proltape,23000,47,47
10/01/2024,Rabu,Bolen Coklat Keju,12000,116,116
11/01/2024,Kamis,Bolen Cokju (Mini),12000,60,60
12/01/2024,Jumat,Bolen Keju (Mini),12000,107,189
13/01/2024,Sabtu,Bolen Pisang Coklat,23000,137,275
14/01/2024,Minggu,Bolen Coklat,23000,96,96
15/01/2024,Senin,Bolen Banana,23000,135,177
16/01/2024,Selasa,Bolen Proltape,23000,135,279
17/01/2024,Rabu,Bolen Coklat Keju,12000,100,100
18/01/2024,Kamis,Bolen Cokju (Mini),12000,149,269
19/01/2024,Jumat,Bolen Keju (Mini),12000,25,85
20/01/2024,Sabtu,Bolen Pisang Coklat,23000,22,49
21/01/2024,Minggu,Bolen Coklat,23000,45,60
22/01/2024,Senin,Bolen Banana,23000,27,79
23/01/2024,Selasa,Bolen Proltape,23000,65,163
24/01/2024,Rabu,Bolen Coklat Keju,12000,25,161
25/01/2024,Kamis,Bolen Cokju (Mini),12000,133,186
26/01/2024,Jumat,Bolen Keju (Mini),12000,11,114
27/01/2024,Sabtu,Bolen Pisang Coklat,23000,13,13
28/01/2024,Minggu,Bolen Coklat,23000,80,167
29/01/2024,Senin,Bolen Banana,23000,14,154
30/01/2024,Selasa,Bolen Proltape,23000,120,132
31/01/2024,Rabu,Bolen Coklat Keju,12000,37,71
1/02/2024,Kamis,Bolen Cokju (Mini),12000,48,48
2/02/2024,Jumat,Bolen Keju (Mini),12000,144,144
3/02/2024,Sabtu,Bolen Pisang Coklat,23000,100,100
4/02/2024,Minggu,Bolen Coklat,23000,111,111
5/02/2024,Senin,Bolen Banana,23000,113,195
6/02/2024,Selasa,Bolen Proltape,23000,67,67
7/02/2024,Rabu,Bolen Coklat Keju,12000,30,164
8/02/2024,Kamis,Bolen Cokju (Mini),12000,18,18
9/02/2024,Jumat,Bolen Keju (Mini),12000,107,218
10/02/2024,Sabtu,Bolen Pisang Coklat,23000,24,164
11/02/2024,Minggu,Bolen Coklat,23000,53,53
12/02/2024,Senin,Bolen Banana,23000,121,214
13/02/2024,Selasa,Bolen Proltape,23000,34,37
14/02/2024,Rabu,Bolen Coklat Keju,12000,68,68
15/02/2024,Kamis,Bolen Cokju (Mini),12000,131,131
16/02/2024,Jumat,Bolen Keju (Mini),12000,29,115
17/02/2024,Sabtu,Bolen Pisang Coklat,23000,149,204
18/02/2024,Minggu,Bolen Coklat,23000,55,76
19/02/2024,Senin,Bolen Banana,23000,14,52
20/02/2024,Selasa,Bolen Proltape,23000,46,92
21/02/2024,Rabu,Bolen Coklat Keju,12000,111,131
22/02/2024,Kamis,Bolen Cokju (Mini),12000,51,174
23/02/2024,Jumat,Bolen Keju (Mini),12000,109,229
24/02/2024,Sabtu,Bolen Pisang Coklat,23000,94,239
25/02/2024,Minggu,Bolen Coklat,23000,45,90
26/02/2024,Senin,Bolen Banana,23000,30,125
27/02/2024,Selasa,Bolen Proltape,23000,23,23
28/02/2024,Rabu,Bolen Coklat Keju,12000,69,91
29/02/2024,Kamis,Bolen Cokju (Mini),12000,111,132
1/03/2024,Jumat,Bolen Keju (Mini),12000,17,125
2/03/2024,Sabtu,Bolen Pisang Coklat,23000,135,135
3/03/2024,Minggu,Bolen Coklat,23000,106,244
4/03/2024,Senin,Bolen Banana,23000,107,107
5/03/2024,Selasa,Bolen Proltape,23000,85,131
6/03/2024,Rabu,Bolen Coklat Keju,12000,28,28
7/03/2024,Kamis,Bolen Cokju (Mini),12000,49,181
8/03/2024,Jumat,Bolen Keju (Mini),12000,49,70
9/03/2024,Sabtu,Bolen Pisang Coklat,23000,102,102
10/03/2024,Minggu,Bolen Coklat,23000,11,40
11/03/2024,Senin,Bolen Banana,23000,102,109
12/03/2024,Selasa,Bolen Proltape,23000,43,43
13/03/2024,Rabu,Bolen Coklat Keju,12000,120,242
14/03/2024,Kamis,Bolen Cokju (Mini),12000,141,195
15/03/2024,Jumat,Bolen Keju (Mini),12000,32,94
16/03/2024,Sabtu,Bolen Pisang Coklat,23000,93,94
17/03/2024,Minggu,Bolen Coklat,23000,84,234
18/03/2024,Senin,Bolen Banana,23000,31,67
19/03/2024,Selasa,Bolen Proltape,23000,72,144
20/03/2024,Rabu,Bolen Coklat Keju,12000,107,107
21/03/2024,Kamis,Bolen Cokju (Mini),12000,78,78
22/03/2024,Jumat,Bolen Keju (Mini),12000,136,136
23/03/2024,Sabtu,Bolen Pisang Coklat,23000,52,156
24/03/2024,Minggu,Bolen Coklat,23000,86,146
25/03/2024,Senin,Bolen Banana,23000,102,102
26/03/2024,Selasa,Bolen Proltape,23000,73,105
27/03/2024,Rabu,Bolen Coklat Keju,12000,60,128
28/03/2024,Kamis,Bolen Cokju (Mini),12000,87,87
29/03/2024,Jumat,Bolen Keju (Mini),12000,111,111
30/03/2024,Sabtu,Bolen Pisang Coklat,23000,107,129
31/03/2024,Minggu,Bolen Coklat,23000,122,122
1/04/2024,Senin,Bolen Banana,23000,44,44
2/04/2024,Selasa,Bolen Proltape,23000,61,134
3/04/2024,Rabu,Bolen Coklat Keju,12000,111,130
4/04/2024,Kamis,Bolen Cokju (Mini),12000,135,151
5/04/2024,Jumat,Bolen Keju (Mini),12000,93,194
6/04/2024,Sabtu,Bolen Pisang Coklat,23000,103,103
7/04/2024,Minggu,Bolen Coklat,23000,61,181
8/04/2024,Senin,Bolen Banana,23000,56,177
9/04/2024,Selasa,Bolen Proltape,23000,16,46
10/04/2024,Rabu,Bolen Coklat Keju,12000,63,151
11/04/2024,Kamis,Bolen Cokju (Mini),12000,27,54
12/04/2024,Jumat,Bolen Keju (Mini),12000,137,137
13/04/2024,Sabtu,Bolen Pisang Coklat,23000,87,87
14/04/2024,Minggu,Bolen Coklat,23000,49,74
15/04/2024,Senin,Bolen Banana,23000,28,155
16/04/2024,Selasa,Bolen Proltape,23000,132,251
17/04/2024,Rabu,Bolen Coklat Keju,12000,139,184
18/04/2024,Kamis,Bolen Cokju (Mini),12000,117,214
19/04/2024,Jumat,Bolen Keju (Mini),12000,147,208
20/04/2024,Sabtu,Bolen Pisang Coklat,23000,37,80
21/04/2024,Minggu,Bolen Coklat,23000,100,100
22/04/2024,Senin,Bolen Banana,23000,21,154
23/04/2024,Selasa,Bolen Proltape,23000,112,134
24/04/2024,Rabu,Bolen Coklat Keju,12000,120,120
25/04/2024,Kamis,Bolen Cokju (Mini),12000,35,35
26/04/2024,Jumat,Bolen Keju (Mini),12000,140,176
27/04/2024,Sabtu,Bolen Pisang Coklat,23000,66,167
28/04/2024,Minggu,Bolen Coklat,23000,128,166
29/04/2024,Senin,Bolen Banana,23000,138,138
30/04/2024,Selasa,Bolen Proltape,23000,16,104
1/05/2024,Rabu,Bolen Coklat Keju,12000,116,122
2/05/2024,Kamis,Bolen Cokju (Mini),12000,39,86
3/05/2024,Jumat,Bolen Keju (Mini),12000,46,140
4/05/2024,Sabtu,Bolen Pisang Coklat,23000,126,160
5/05/2024,Minggu,Bolen Coklat,23000,133,196
6/05/2024,Senin,Bolen Banana,23000,122,151
7/05/2024,Selasa,Bolen Proltape,23000,91,91
8/05/2024,Rabu,Bolen Coklat Keju,12000,21,29
9/05/2024,Kamis,Bolen Cokju (Mini),12000,15,57
10/05/2024,Jumat,Bolen Keju (Mini),12000,37,109
11/05/2024,Sabtu,Bolen Pisang Coklat,23000,72,193
12/05/2024,Minggu,Bolen Coklat,23000,50,50
13/05/2024,Senin,Bolen Banana,23000,119,134
14/05/2024,Selasa,Bolen Proltape,23000,113,187
15/05/2024,Rabu,Bolen Coklat Keju,12000,120,265
16/05/2024,Kamis,Bolen Cokju (Mini),12000,60,165
17/05/2024,Jumat,Bolen Keju (Mini),12000,109,109
18/05/2024,Sabtu,Bolen Pisang Coklat,23000,64,64
19/05/2024,Minggu,Bolen Coklat,23000,26,145
20/05/2024,Senin,Bolen Banana,23000,57,133
21/05/2024,Selasa,Bolen Proltape,23000,127,127
22/05/2024,Rabu,Bolen Coklat Keju,12000,135,267
23/05/2024,Kamis,Bolen Cokju (Mini),12000,90,219
24/05/2024,Jumat,Bolen Keju (Mini),12000,110,205
25/05/2024,Sabtu,Bolen Pisang Coklat,23000,100,140
26/05/2024,Minggu,Bolen Coklat,23000,54,100
27/05/2024,Senin,Bolen Banana,23000,86,124
28/05/2024,Selasa,Bolen Proltape,23000,31,122
29/05/2024,Rabu,Bolen Coklat Keju,12000,40,40
30/05/2024,Kamis,Bolen Cokju (Mini),12000,39,39
31/05/2024,Jumat,Bolen Keju (Mini),12000,46,150
1/06/2024,Sabtu,Bolen Pisang Coklat,23000,45,150
2/06/2024,Minggu,Bolen Coklat,23000,57,176
3/06/2024,Senin,Bolen Banana,23000,54,167
4/06/2024,Selasa,Bolen Proltape,23000,83,83
5/06/2024,Rabu,Bolen Coklat Keju,12000,90,130
6/06/2024,Kamis,Bolen Cokju (Mini),12000,23,24
7/06/2024,Jumat,Bolen Keju (Mini),12000,134,134
8/06/2024,Sabtu,Bolen Pisang Coklat,23000,108,141
9/06/2024,Minggu,Bolen Coklat,23000,136,249
10/06/2024,Senin,Bolen Banana,23000,116,145
11/06/2024,Selasa,Bolen Proltape,23000,135,135
12/06/2024,Rabu,Bolen Coklat Keju,12000,17,32
13/06/2024,Kamis,Bolen Cokju (Mini),12000,84,84
14/06/2024,Jumat,Bolen Keju (Mini),12000,67,139
15/06/2024,Sabtu,Bolen Pisang Coklat,23000,127,276
16/06/2024,Minggu,Bolen Coklat,23000,136,201
17/06/2024,Senin,Bolen Banana,23000,39,39
18/06/2024,Selasa,Bolen Proltape,23000,149,173
19/06/2024,Rabu,Bolen Coklat Keju,12000,148,151
20/06/2024,Kamis,Bolen Cokju (Mini),12000,122,227
21/06/2024,Jumat,Bolen Keju (Mini),12000,36,78
22/06/2024,Sabtu,Bolen Pisang Coklat,23000,73,73
23/06/2024,Minggu,Bolen Coklat,23000,18,113
24/06/2024,Senin,Bolen Banana,23000,32,98
25/06/2024,Selasa,Bolen Proltape,23000,70,70
26/06/2024,Rabu,Bolen Coklat Keju,12000,99,139
27/06/2024,Kamis,Bolen Cokju (Mini),12000,119,119
28/06/2024,Jumat,Bolen Keju (Mini),12000,45,59
29/06/2024,Sabtu,Bolen Pisang Coklat,23000,25,144
30/06/2024,Minggu,Bolen Coklat,23000,81,153
1/07/2024,Senin,Bolen Banana,23000,92,111
2/07/2024,Selasa,Bolen Proltape,23000,84,200
3/07/2024,Rabu,Bolen Coklat Keju,12000,34,34
4/07/2024,Kamis,Bolen Cokju (Mini),12000,115,133
5/07/2024,Jumat,Bolen Keju (Mini),12000,42,109
6/07/2024,Sabtu,Bolen Pisang Coklat,23000,73,73
7/07/2024,Minggu,Bolen Coklat,23000,92,141
8/07/2024,Senin,Bolen Banana,23000,110,234
9/07/2024,Selasa,Bolen Proltape,23000,78,177
10/07/2024,Rabu,Bolen Coklat Keju,12000,125,125
11/07/2024,Kamis,Bolen Cokju (Mini),12000,33,179
12/07/2024,Jumat,Bolen Keju (Mini),12000,81,179
13/07/2024,Sabtu,Bolen Pisang Coklat,23000,126,147
14/07/2024,Minggu,Bolen Coklat,23000,10,57
15/07/2024,Senin,Bolen Banana,23000,33,63
16/07/2024,Selasa,Bolen Proltape,23000,101,136
17/07/2024,Rabu,Bolen Coklat Keju,12000,111,111
18/07/2024,Kamis,Bolen Cokju (Mini),12000,119,151
19/07/2024,Jumat,Bolen Keju (Mini),12000,78,78
20/07/2024,Sabtu,Bolen Pisang Coklat,23000,82,82
21/07/2024,Minggu,Bolen Coklat,23000,43,156
22/07/2024,Senin,Bolen Banana,23000,97,146
23/07/2024,Selasa,Bolen Proltape,23000,22,22
24/07/2024,Rabu,Bolen Coklat Keju,12000,127,127
25/07/2024,Kamis,Bolen Cokju (Mini),12000,50,101
26/07/2024,Jumat,Bolen Keju (Mini),12000,119,119
27/07/2024,Sabtu,Bolen Pisang Coklat,23000,43,63
28/07/2024,Minggu,Bolen Coklat,23000,50,68
29/07/2024,Senin,Bolen Banana,23000,33,116
30/07/2024,Selasa,Bolen Proltape,23000,31,165
31/07/2024,Rabu,Bolen Coklat Keju,12000,52,52
